total_viagens,duracao_media_min,perc_membros,perc_casuais
5452114,16.116459678987127,63.58053041444107,36.41946958555892
